<?xml version="1.0" encoding="UTF-8"?>
<MovsimInitialConditions>
    <RoadInitialConditions id="3-">
        <MacroscopicInitialConditions>
            <MacroCondition position="1" density_per_km="8" speed="20" />
        </MacroscopicInitialConditions>
    </RoadInitialConditions>
    <RoadInitialConditions id="3+">
        <MacroscopicInitialConditions>
            <MacroCondition position="1" density_per_km="8" speed="20" />
        </MacroscopicInitialConditions>
    </RoadInitialConditions>
</MovsimInitialConditions>

