<?xml version="1.0" encoding="UTF-8"?>
<MovsimInitialConditions>
    <RoadInitialConditions id="GIPPS">
        <MicroscopicInitialConditions>
            <VehicleInitialCondition position="10" speed="0" label="GIPPS1" />
            <VehicleInitialCondition position="20" speed="0" label="GIPPS1" />
            <VehicleInitialCondition position="30" speed="0" label="GIPPS1" />
            <VehicleInitialCondition position="40" speed="0" label="GIPPS1" />
            <VehicleInitialCondition position="50" speed="0" label="GIPPS1" />
            <VehicleInitialCondition position="60" speed="0" label="GIPPS1" />
            <VehicleInitialCondition position="70" speed="0" label="GIPPS1" />
            <VehicleInitialCondition position="80" speed="0" label="GIPPS1" />
            <VehicleInitialCondition position="90" speed="0" label="GIPPS1" />
            <VehicleInitialCondition position="100" speed="0" label="GIPPS1" />
            <VehicleInitialCondition position="110" speed="0" label="GIPPS1" />
            <VehicleInitialCondition position="120" speed="0" label="GIPPS1" />
            <VehicleInitialCondition position="130" speed="0" label="GIPPS1" />
            <VehicleInitialCondition position="140" speed="0" label="GIPPS1" />
            <VehicleInitialCondition position="150" speed="0" label="GIPPS1" />
            <VehicleInitialCondition position="160" speed="0" label="GIPPS1" />
            <VehicleInitialCondition position="170" speed="0" label="GIPPS1" />
            <VehicleInitialCondition position="180" speed="0" label="GIPPS1" />
            <VehicleInitialCondition position="190" speed="0" label="GIPPS1" />
            <VehicleInitialCondition position="200" speed="0" label="GIPPS1" />
            <VehicleInitialCondition position="210" speed="0" label="GIPPS1" />
            <VehicleInitialCondition position="220" speed="0" label="GIPPS1" />
            <VehicleInitialCondition position="230" speed="0" label="GIPPS1" />
            <VehicleInitialCondition position="240" speed="0" label="GIPPS1" />
            <VehicleInitialCondition position="250" speed="0" label="GIPPS1" />
            <VehicleInitialCondition position="260" speed="0" label="GIPPS1" />
            <!-- obstacle shifts floating car numbers -->
            <VehicleInitialCondition position="2000" speed="0" label="Obstacle" />
        </MicroscopicInitialConditions>
    </RoadInitialConditions>
    <RoadInitialConditions id="KRAUSS">
        <MicroscopicInitialConditions>
            <VehicleInitialCondition position="10" speed="0" label="KRAUSS1" />
            <VehicleInitialCondition position="20" speed="0" label="KRAUSS1" />
            <VehicleInitialCondition position="30" speed="0" label="KRAUSS1" />
            <VehicleInitialCondition position="40" speed="0" label="KRAUSS1" />
            <VehicleInitialCondition position="50" speed="0" label="KRAUSS1" />
            <VehicleInitialCondition position="60" speed="0" label="KRAUSS1" />
            <VehicleInitialCondition position="70" speed="0" label="KRAUSS1" />
            <VehicleInitialCondition position="80" speed="0" label="KRAUSS1" />
            <VehicleInitialCondition position="90" speed="0" label="KRAUSS1" />
            <VehicleInitialCondition position="100" speed="0" label="KRAUSS1" />
            <VehicleInitialCondition position="110" speed="0" label="KRAUSS1" />
            <VehicleInitialCondition position="120" speed="0" label="KRAUSS1" />
            <VehicleInitialCondition position="130" speed="0" label="KRAUSS1" />
            <VehicleInitialCondition position="140" speed="0" label="KRAUSS1" />
            <VehicleInitialCondition position="150" speed="0" label="KRAUSS1" />
            <VehicleInitialCondition position="160" speed="0" label="KRAUSS1" />
            <VehicleInitialCondition position="170" speed="0" label="KRAUSS1" />
            <VehicleInitialCondition position="180" speed="0" label="KRAUSS1" />
            <VehicleInitialCondition position="190" speed="0" label="KRAUSS1" />
            <VehicleInitialCondition position="200" speed="0" label="KRAUSS1" />
            <VehicleInitialCondition position="210" speed="0" label="KRAUSS1" />
            <VehicleInitialCondition position="220" speed="0" label="KRAUSS1" />
            <VehicleInitialCondition position="230" speed="0" label="KRAUSS1" />
            <VehicleInitialCondition position="240" speed="0" label="KRAUSS1" />
            <VehicleInitialCondition position="250" speed="0" label="KRAUSS1" />
            <VehicleInitialCondition position="260" speed="0" label="KRAUSS1" />
            <!-- obstacle shifts floating car numbers -->
            <VehicleInitialCondition position="2000" speed="0" label="Obstacle" />
        </MicroscopicInitialConditions>
    </RoadInitialConditions>
    <RoadInitialConditions id="NEWELL">
        <MicroscopicInitialConditions>
            <VehicleInitialCondition position="10" speed="0" label="NEWELL1" />
            <VehicleInitialCondition position="20" speed="0" label="NEWELL1" />
            <VehicleInitialCondition position="30" speed="0" label="NEWELL1" />
            <VehicleInitialCondition position="40" speed="0" label="NEWELL1" />
            <VehicleInitialCondition position="50" speed="0" label="NEWELL1" />
            <VehicleInitialCondition position="60" speed="0" label="NEWELL1" />
            <VehicleInitialCondition position="70" speed="0" label="NEWELL1" />
            <VehicleInitialCondition position="80" speed="0" label="NEWELL1" />
            <VehicleInitialCondition position="90" speed="0" label="NEWELL1" />
            <VehicleInitialCondition position="100" speed="0" label="NEWELL1" />
            <VehicleInitialCondition position="110" speed="0" label="NEWELL1" />
            <VehicleInitialCondition position="120" speed="0" label="NEWELL1" />
            <VehicleInitialCondition position="130" speed="0" label="NEWELL1" />
            <VehicleInitialCondition position="140" speed="0" label="NEWELL1" />
            <VehicleInitialCondition position="150" speed="0" label="NEWELL1" />
            <VehicleInitialCondition position="160" speed="0" label="NEWELL1" />
            <VehicleInitialCondition position="170" speed="0" label="NEWELL1" />
            <VehicleInitialCondition position="180" speed="0" label="NEWELL1" />
            <VehicleInitialCondition position="190" speed="0" label="NEWELL1" />
            <VehicleInitialCondition position="200" speed="0" label="NEWELL1" />
            <VehicleInitialCondition position="210" speed="0" label="NEWELL1" />
            <VehicleInitialCondition position="220" speed="0" label="NEWELL1" />
            <VehicleInitialCondition position="230" speed="0" label="NEWELL1" />
            <VehicleInitialCondition position="240" speed="0" label="NEWELL1" />
            <VehicleInitialCondition position="250" speed="0" label="NEWELL1" />
            <VehicleInitialCondition position="260" speed="0" label="NEWELL1" />
            <!-- obstacle shifts floating car numbers -->
            <VehicleInitialCondition position="2000" speed="0" label="Obstacle" />
        </MicroscopicInitialConditions>
    </RoadInitialConditions>
</MovsimInitialConditions>

