<?xml version="1.0" encoding="UTF-8"?>
<!DOCTYPE SCENARIO SYSTEM "multiModelTrafficSimulatorInput.dtd">

<SCENARIO network_filename="onramp.xodr">
    <VEHICLES>
        <VEHICLE label="ACC1" length="6" b_max="9">
            <LONGITUDINAL_MODEL>
                <ACC v0="35" T="1.2" s0="2" s1="0" delta="4" a="1.2" b="2.0" coolness="1" />
            </LONGITUDINAL_MODEL>
            <LANE_CHANGE_MODEL eur_rules="true" crit_speed_eur="20">
                <MOBIL b_safe="5.0" s_min="2.0" threshold="0.05" bias_right="0.05" politeness="0.0" />
            </LANE_CHANGE_MODEL>
        </VEHICLE>
        <!-- trucks -->
        <VEHICLE label="ACC2" length="16" b_max="9">
            <LONGITUDINAL_MODEL>
                <ACC v0="25" T="1.4" s0="2" s1="2" delta="4" a="0.8" b="2.0" coolness="1" />
            </LONGITUDINAL_MODEL>
            <LANE_CHANGE_MODEL eur_rules="true" crit_speed_eur="20">
                <MOBIL b_safe="5.0" s_min="2.0" threshold="0.1" bias_right="0.3" politeness="0.1" />
            </LANE_CHANGE_MODEL>
        </VEHICLE>
        <VEHICLE label="Obstacle" length="0">
            <LONGITUDINAL_MODEL>
                <IDM v0="0" T="1" s0="2" a="1.0" b="1.5" />
            </LONGITUDINAL_MODEL>
            <LANE_CHANGE_MODEL />
        </VEHICLE>
    </VEHICLES>
    <SIMULATION dt="0.2" duration="72000" fixed_seed="true" seed="42" crash_exit="false">
        <TRAFFIC_COMPOSITION>
            <VEHICLE_TYPE label="ACC1" fraction="0.9" relative_v0_randomization="0.1" />
            <VEHICLE_TYPE label="ACC2" fraction="0.1" relative_v0_randomization="0.1" />
        </TRAFFIC_COMPOSITION>
        <ROAD id="1">
            <TRAFFIC_SOURCE logging="false">
                <INFLOW t="0" q_per_hour="1200" />
                <INFLOW t="600" q_per_hour="1600" />
            </TRAFFIC_SOURCE>
            <DETECTORS />
        </ROAD>
        <ROAD id="4">
            <TRAFFIC_COMPOSITION>
                <VEHICLE_TYPE label="ACC1" fraction="0.98" relative_v0_randomization="0.1" />
                <VEHICLE_TYPE label="ACC2" fraction="0.02" relative_v0_randomization="0.1" />
            </TRAFFIC_COMPOSITION>
            <INITIAL_CONDITIONS />
            <TRAFFIC_SOURCE>
                <INFLOW t="0" q_per_hour="500" />
            </TRAFFIC_SOURCE>
            <TRAFFIC_SINK />
            <FLOW_CONSERVING_INHOMOGENEITIES />
            <SPEED_LIMITS />
            <TRAFFIC_LIGHTS />
            <DETECTORS />
        </ROAD>
        <OUTPUT />
    </SIMULATION>
</SCENARIO>

